Contacts_NNS SENIOR_JJ MANAGEMENT_NNP Georgina_NNP Baines_NNP ,_, Group_NNP HR_NNP Manager_NNP Chris_NNP Perry_NNP ,_, Group_NNP Investor_NNP Relations_NNP Officer_NNP Graham_NNP Brunton_NNP ,_, Head_NNP of_IN EHS_NNP Kevin_NNP Quinn_NNP ,_, Business_NNP Unit_NNP Manager_NNP South_NNP Asia_NNP John_NNP Deehan_NNP ,_, Group_NNP IT_PRP Manager_NNP Mike_NNP Simpson_NNP ,_, Acting_NNP Business_NNP Unit_NNP Manager_NNP UK_NNP Peter_NNP Dickerson_NNP ,_, Head_NNP of_IN Corporate_NNP Planning_NNP Kevin_NNP Stallbom_NNP ,_, Business_NNP Unit_NNP Manager_NNP Kudu_NNP Doug_NNP Field_NNP ,_, Group_NNP Engineering_NNP Manager_NNP Julian_NNP Tedder_NNP ,_, Group_NNP Finance_NNP Manager_NNP Jim_NNP McCann_NNP ,_, Business_NNP Unit_NNP Manager_NNP Gabon_NNP Bill_NNP Torr_NNP ,_, General_NNP Manager_NNP Cape_NNP Town_NNP Office_NNP Angus_NNP McCoss_NNP ,_, General_NNP Manager_NNP Exploration_NNP John_NNP Welding_NNP ,_, Group_NNP Drilling_NNP Manager_NNP Martyn_NNP Morris_NNP ,_, Business_NNP Unit_NNP Manager_NNP Africa_NNP JV_NNP Brian_NNP Williams_NNP ,_, Head_NNP of_IN Risk_NNP and_CC Marketing_NNP Tim_NNP OHanlon_NNP ,_, Vice_NNP President_NNP African_NNP Business_NNP Colin_NNP Wright_NNP ,_, Head_NNP of_IN Internal_NNP Audit_NNP SECRETARY_NNP &_CC REGISTERED_NNP OFFICE_NNP REGISTRARS_NNP Tom_NNP Hickey_NNP Computershare_NNP Investor_NNP Services_NNPS Ireland_NNP Limited_NNP Tullow_NNP Oil_NNP plc_NN Heron_NNP House_NNP 3rd_CD Floor_NNP Corrig_NNP Road_NNP Building_NNP 11_CD Sandyford_NNP Industrial_NNP Estate_NNP Chiswick_NNP Park_NNP Dublin_NNP 18_CD 566_CD Chiswick_NNP High_NNP Road_NNP Ireland_NNP London_NNP W4_NNP 5YS_NNP CONTACT_NNP DETAILS_NNP Tullow_NNP Oil_NNP plc_NN Tullow_NNP Oil_NNP plc_NN Tullow_NNP Oil_NNP plc_NN 3rd_CD Floor_NNP 5th_JJ Floor_NNP ,_, Block_NNP C_NNP 21st_CD Floor_NNP Building_NNP 11_CD Central_NNP Park_NNP Metropolitan_NNP Centre_NNP Chiswick_NNP Park_NNP Leopardstown_NNP 7_CD Coen_NNP Steytler_NNP Avenue_NNP 566_CD Chiswick_NNP High_NNP Road_NNP Dublin_NNP 18_CD Cape_NNP Town_NNP 8001_CD London_NNP W4_NNP 5YS_NNP Ireland_NNP South_NNP Africa_NNP Tel_NNP :_: 44 20 8996 1000_CD Tel_NNP :_: 353_CD 1_CD 213_CD 7300_CD Tel_NNP :_: 27 21 400 7600_CD Fax_NNP :_: 44 20 8994 5332_CD Fax_NNP :_: 353_CD 1_CD 293_CD 0400_CD Fax_NNP :_: 27 21 400 7660_CD EMAIL_NNP General_NNP information@tullowoil_NNP ._.
com_NN EMAIL_NNP Investor_NNP Relations_NNP ir@tullowoil_NNP ._.
com_NN STOCKBROKERS_NNP Hoare_NNP Govett_NNP Limited_NNP Merrill_NNP Lynch_NNP International_NNP Davy_NNP Stockbrokers_NNS 250_CD Bishopsgate_NNP Merrill_NNP Lynch_NNP Financial_NNP Centre_NNP Davy_NNP House_NNP London_NNP EC2M_NNP 4AA_NNP 2_CD King_NNP Edward_NNP Street_NNP 49_CD Dawson_NNP Street_NNP London_NNP EC1A_NNP 1HQ_NNP Dublin_NNP 2_CD AUDITORS_NNP LEGAL_NNP ADVISERS_NNP Deloitte_NNP &_CC Touche_NNP LLP_NNP Dickson_NNP Minto_NNP W._NNP S._NNP Chartered_NNP Accountants_NNPS Royal_NNP London_NNP House_NNP Hill_NNP House_NNP 22_CD 25_CD Finsbury_NNP Square_NNP 1_CD Little_NNP New_NNP Street_NNP London_NNP EC2A_NNP 1DX_NNP London_NNP EC4A_NNP 3TR_NNP PRINCIPAL_NNP BANKERS_NNPS ABN_NNP AMRO_NNP Bank_NNP N._NNP V._NNP London_NNP Branch_NNP Bank_NNP of_IN Scotland_NNP plc_NN BNP_NNP Paribas_NNP 250_CD Bishopsgate_NNP 11_CD Earl_NNP Grey_NNP Street_NNP 21_CD place_NN du_NNP March_NNP Saint-Honor_NNP London_NNP EC2M_NNP 4AA_NNP Edinburgh_NNP EH3_NNP 9BN_NNP 75031_CD Paris_NNP Cedex_NNP 01_CD 92_CD Tullow_NNP Oil_NNP plc_NN Annual_JJ Report_NNP and_CC Accounts_NNPS 2005_CD
