Board_NNP of_IN Directors_NNS EXECUTIVE_NNP DIRECTORS_NNP J._NNP D._NNP Hubbard_NNP Chief_NNP Executive_NNP 58_CD United_NNP States_NNPS Appointed_VBD Chief_NNP Executive_NNP in_IN January_NNP 2002_CD :_: joined_VBD the_DT Board_NNP in_IN 2001_CD ._.
Previously_RB served_VBN as_IN President_NNP of_IN Bodycotes_NNP North_NNP American_NNP Heat_NNP Treatment_NNP operations_NNS from_IN 1996_CD to_TO 2001_CD ._.
D._NNP F._NNP Landless_NNP Finance_NNP Director_NNP 46_CD Appointed_VBN Finance_NNP Director_NNP and_CC joined_VBD the_DT Group_NNP in_IN 1999_CD ._.
From_IN 1989_CD to_TO 1997_CD served_VBD as_IN Finance_NNP Director_NNP in_IN UK_NNP and_CC US_NNP divisions_NNS of_IN Courtaulds_NNP Plc._NNP ._.
Finance_NNP Director_NNP of_IN Courtaulds_NNP Coatings_NNP Holdings_NNP Limited_NNP from_IN 1997_CD to_TO 1999_CD ._.
D._NNP R._NNP Sleight_NNP Corporate_NNP Development_NNP Director_NNP 56_CD Appointed_VBN Corporate_NNP Development_NNP Director_NNP in_IN 2002_CD having_VBG joined_VBN the_DT Board_NNP in_IN 1996_CD ,_, and_CC served_VBD previously_RB as_IN Finance_NNP Director_NNP 1990_CD to_TO 1995_CD and_CC Joint_NNP Managing_VBG Director_NNP 1995_CD to_TO 2001_CD of_IN Bodycotes_NNP Testing_NNP operations_NNS ._.
A._NN S._NNP Wallace_NNP Chairman_NNP 62_CD Appointed_VBN a_DT Director_NNP in_IN 1994_CD ._.
Non-Executive_JJ Chairman_NN of_IN The_DT Lowry_NNP Centre_NNP Limited_NNP 2002_CD and_CC Non-Executive_NNP Director_NNP of_IN Holidaybreak_NNP Plc_NNP 2002_CD and_CC NCC_NNP Group_NNP PLC_NNP 2004_CD ._.
Deputy_NNP Chairman_NNP of_IN Pifco_NNP Holdings_NNP plc_NN from_IN 1994_CD to_TO 2001_CD ._.
Chairman_NNP of_IN the_DT Nomination_NNP Committee_NNP ._.
R._NNP T._NNP Scholes_NNP Senior_NNP Independent_NNP Non-executive_JJ Director_NNP 60_CD Appointed_VBN in_IN 1998_CD ._.
Non-Executive_JJ Director_NNP of_IN Keller_NNP Group_NNP PLC_NNP 2002_CD Chaucer_NNP Holdings_NNP PLC_NNP ,_, Crest_NNP Nicholson_NNP Plc_NNP and_CC Marshalls_NNP PLC_NNP 2003_CD and_CC of_IN British_JJ Vita_NNP plc_NN 1993_CD to_TO 2003_CD ._.
Investment_NN banker_NN with_IN Dresdner_NNP Kleinwort_NNP Wasserstein_NNP 1986_CD to_TO 2001_CD ._.
Chairman_NNP of_IN the_DT Audit_NNP Committee_NNP and_CC member_NN of_IN the_DT Remuneration_NNP and_CC Nomination_NNP Committees_NNS ._.
J._NNP Vogelsang_NNP 63_CD Netherlands_NNP Appointed_VBN in_IN 2003_CD ._.
President_NNP of_IN Technology_NNP at_IN Basell_NNP Polyolens_NNP 2001_CD to_TO 2002_CD ,_, President_NNP of_IN Montell_NNP Polyolens_NNP Europe_NNP 1999_CD to_TO 2001_CD ,_, Vice-President_NNP Shell_NNP Chemical_NNP Europe_NNP and_CC Africa_NNP 1994_CD to_TO 1999_CD and_CC Chief_NNP Executive_NNP of_IN the_DT Shell_NNP Companies_NNS in_IN Sweden_NNP 1992_CD to_TO 1994_CD ._.
Chairman_NNP of_IN the_DT Remuneration_NNP Committee_NNP and_CC member_NN of_IN the_DT Audit_NNP and_CC Nomination_NNP Committees_NNS ._.
L._NNP P._NNP Bermejo_NNP 46_CD France_NNP Appointed_VBN in_IN 2003_CD ._.
Executive_NNP Vice-President_NNP Industry_NNP &_CC Facilities_NNP Northern_NNP &_CC Eastern_NNP Europe_NNP at_IN Bureau_NNP Veritas_NNP from_IN 2006_CD ,_, Director_NNP for_IN Northern_NNP Europe_NNP at_IN Dalkia_NNP International_NNP from_IN 2004_CD ,_, Chief_NNP Executive_NNP Dalkia_NNP Plc_NNP UK_NNP and_CC Ireland_NNP subsidiary_NN of_IN Veolia_NNP Environment_NNP 1999_CD to_TO 2004_CD ,_, Chief_NNP Executive_NNP of_IN Dalkia_NNP in_IN the_DT Czech_JJ and_CC Slovak_NNP Republics_NNPS 1995_CD to_TO 1999_CD and_CC DEKRA-Veritas_NNP Automobile_NNP 1993_CD to_TO 1995_CD ._.
Member_NNP of_IN the_DT Audit_NNP ,_, Remuneration_NNP and_CC Nomination_NNP Committees_NNS ._.
SECRETARY_NN AND_CC REGISTERED_VBN OFFICE_NNP J._NNP R._NNP Grime_NNP Hulley_NNP Road_NNP ,_, Hurdseld_NNP ,_, Maccleseld_NNP ,_, Cheshire_NNP SK10_NNP 2SG_NNP ._.
Registered_NNP Number_NNP 519057_NNP England_NNP and_CC Wales_NNP ._.
Advisers_NNP AUDITORS_NNP Deloitte_NNP &_CC Touche_NNP LLP_NNP PRINCIPAL_NNP BANKERS_NNPS HSBC_NNP Bank_NNP plc_NN ,_, Barclays_NNP Bank_NNP PLC_NNP ,_, The_DT Royal_NNP Bank_NNP of_IN Scotland_NNP plc_NN ,_, Svenska_NNP Handelsbanken_NNP AB_NNP and_CC Lloyds_NNP TSB_NNP Bank_NNP plc_NN FINANCIAL_NNP ADVISERS_NNP Dresdner_NNP Kleinwort_NNP Wasserstein_NNP Limited_NNP SOLICITORS_NNP Eversheds_NNPS LLP_NNP BROKERS_NNP Dresdner_NNP Kleinwort_NNP Wasserstein_NNP Securities_NNP Limited_NNP REGISTRARS_NNP Capita_NNP Registrars_NNP Limited_NNP ,_, Hudderseld_NNP 24_CD Bodycote_NNP annual_JJ report_NN 2005_CD
